{"cameraMode":{"drawMode":0,"name":"Shaded","section":"Shading Mode"},"sceneLighting":false,"audioPlay":false,"sceneViewState":{"m_AlwaysRefresh":false,"showFog":true,"showSkybox":false,"showFlares":true,"showImageEffects":true,"showParticleSystems":true,"showVisualEffectGraphs":true,"m_FxEnabled":true},"in2DMode":false,"pivot":{"x":0.003968179225921631,"y":1.4901161193847657e-8,"z":0.9700000882148743},"rotation":{"x":-0.10312929004430771,"y":-0.6430075764656067,"z":0.08791431039571762,"w":-0.7541182041168213},"size":0.5915092825889587,"orthographic":false}