{"cameraMode":{"drawMode":0,"name":"Shaded","section":"Shading Mode"},"sceneLighting":false,"audioPlay":false,"sceneViewState":{"m_AlwaysRefresh":false,"showFog":true,"showSkybox":false,"showFlares":true,"showImageEffects":true,"showParticleSystems":true,"showVisualEffectGraphs":true,"m_FxEnabled":true},"in2DMode":false,"pivot":{"x":1.2366456985473633,"y":0.9157809019088745,"z":-0.20357227325439454},"rotation":{"x":0.006947098765522242,"y":0.9446284770965576,"z":-0.02077215537428856,"w":0.3281833827495575},"size":1.7454098463058472,"orthographic":false}