{"cameraMode":{"drawMode":0,"name":"Shaded","section":"Shading Mode"},"sceneLighting":false,"audioPlay":false,"sceneViewState":{"m_AlwaysRefresh":false,"showFog":true,"showSkybox":false,"showFlares":true,"showImageEffects":true,"showParticleSystems":true,"showVisualEffectGraphs":true,"m_FxEnabled":true},"in2DMode":false,"pivot":{"x":0.0691220760345459,"y":0.02053031325340271,"z":0.06459999084472656},"rotation":{"x":0.23145665228366853,"y":0.524693489074707,"z":-0.15082591772079469,"w":0.8052420616149902},"size":1.99055814743042,"orthographic":false}