{"cameraMode":{"drawMode":0,"name":"Shaded","section":"Shading Mode"},"sceneLighting":false,"audioPlay":false,"sceneViewState":{"m_AlwaysRefresh":false,"showFog":true,"showSkybox":false,"showFlares":true,"showImageEffects":true,"showParticleSystems":true,"showVisualEffectGraphs":true,"m_FxEnabled":true},"in2DMode":false,"pivot":{"x":-0.8814477324485779,"y":0.13952097296714784,"z":0.08983499556779862},"rotation":{"x":-0.16847848892211915,"y":0.21283316612243653,"z":-0.03721465915441513,"w":-0.9617992043495178},"size":1.9572579860687256,"orthographic":false}