{"cameraMode":{"drawMode":0,"name":"Shaded","section":"Shading Mode"},"sceneLighting":false,"audioPlay":false,"sceneViewState":{"m_AlwaysRefresh":false,"showFog":true,"showSkybox":false,"showFlares":true,"showImageEffects":true,"showParticleSystems":true,"showVisualEffectGraphs":true,"m_FxEnabled":true},"in2DMode":false,"pivot":{"x":-0.023174352943897249,"y":0.40805086493492129,"z":-0.3289322853088379},"rotation":{"x":0.09889991581439972,"y":0.0803571492433548,"z":-0.0054097832180559639,"w":0.9926156401634216},"size":0.018653154373168947,"orthographic":false}