{"cameraMode":{"drawMode":0,"name":"Shaded","section":"Shading Mode"},"sceneLighting":false,"audioPlay":false,"sceneViewState":{"m_AlwaysRefresh":false,"showFog":true,"showSkybox":false,"showFlares":true,"showImageEffects":true,"showParticleSystems":true,"showVisualEffectGraphs":true,"m_FxEnabled":true},"in2DMode":false,"pivot":{"x":-0.12579098343849183,"y":0.5267103910446167,"z":3.5081701278686525},"rotation":{"x":0.0018647091928869486,"y":0.9922053217887878,"z":-0.12426985055208206,"w":0.0151420459151268},"size":0.6192132234573364,"orthographic":false}