{"cameraMode":{"drawMode":0,"name":"Shaded","section":"Shading Mode"},"sceneLighting":false,"audioPlay":false,"sceneViewState":{"showFog":true,"showMaterialUpdate":true,"showSkybox":false,"showFlares":true,"showImageEffects":true,"showParticleSystems":true},"in2DMode":false,"pivot":{"x":-28.432893753051759,"y":1.5837323665618897,"z":-52.774757385253909},"rotation":{"x":0.06769141554832459,"y":-0.9223736524581909,"z":0.19813184440135957,"w":0.32612305879592898},"size":11.402640342712403,"orthographic":false}