{"cameraMode":{"drawMode":0,"name":"Shaded","section":"Shading Mode"},"sceneLighting":false,"audioPlay":false,"sceneViewState":{"showFog":true,"showMaterialUpdate":true,"showSkybox":false,"showFlares":true,"showImageEffects":true,"showParticleSystems":true},"in2DMode":false,"pivot":{"x":-19.729999542236329,"y":2.5,"z":-50.540000915527347},"rotation":{"x":0.17768287658691407,"y":-0.1857849359512329,"z":0.03661526367068291,"w":0.9661903977394104},"size":8.756038665771485,"orthographic":false}