{"cameraMode":{"drawMode":0,"name":"Shaded","section":"Shading Mode"},"sceneLighting":true,"audioPlay":false,"sceneViewState":{"showFog":true,"showMaterialUpdate":true,"showSkybox":true,"showFlares":true,"showImageEffects":true,"showParticleSystems":true},"in2DMode":false,"pivot":{"x":100.86602783203125,"y":-7.674788475036621,"z":86.13203430175781},"rotation":{"x":-0.020605532452464105,"y":0.9630064368247986,"z":-0.2251456379890442,"w":-0.15477153658866883},"size":4.562890529632568,"orthographic":false}