{"cameraMode":{"drawMode":0,"name":"Shaded","section":"Shading Mode"},"sceneLighting":false,"audioPlay":false,"sceneViewState":{"showFog":true,"showMaterialUpdate":true,"showSkybox":false,"showFlares":true,"showImageEffects":true,"showParticleSystems":true},"in2DMode":false,"pivot":{"x":-19.526538848876954,"y":1.7027583122253419,"z":-50.5451774597168},"rotation":{"x":-0.17971393465995789,"y":-0.6582484245300293,"z":0.1464279443025589,"w":-0.7178747057914734},"size":1.416506290435791,"orthographic":false}