{"cameraMode":{"drawMode":0,"name":"Shaded","section":"Shading Mode"},"sceneLighting":false,"audioPlay":false,"sceneViewState":{"showFog":true,"showMaterialUpdate":true,"showSkybox":false,"showFlares":true,"showImageEffects":true,"showParticleSystems":true},"in2DMode":false,"pivot":{"x":-31.15999984741211,"y":2.5,"z":-50.68000030517578},"rotation":{"x":-0.013233012519776822,"y":-0.026683630421757699,"z":-0.014893601648509503,"w":-1.0006252527236939},"size":8.66025447845459,"orthographic":false}