{"cameraMode":{"drawMode":0,"name":"Shaded","section":"Shading Mode"},"sceneLighting":true,"audioPlay":false,"sceneViewState":{"showFog":false,"showMaterialUpdate":false,"showSkybox":true,"showFlares":false,"showImageEffects":false,"showParticleSystems":false},"in2DMode":false,"pivot":{"x":-19.625999450683595,"y":1.0,"z":64.19999694824219},"rotation":{"x":-0.21990974247455598,"y":0.07075215131044388,"z":-0.015985967591404916,"w":-0.9728525280952454},"size":11.33752727508545,"orthographic":false}