{"cameraMode":{"drawMode":0,"name":"Shaded","section":"Shading Mode"},"sceneLighting":false,"audioPlay":false,"sceneViewState":{"m_AlwaysRefresh":false,"showFog":true,"showSkybox":false,"showFlares":true,"showImageEffects":true,"showParticleSystems":true,"showVisualEffectGraphs":true,"m_FxEnabled":true},"in2DMode":false,"pivot":{"x":0.00013070217391941696,"y":0.00010110508446814492,"z":1.6203731298446656},"rotation":{"x":-0.22664199769496919,"y":-0.4834550619125366,"z":0.1312057375907898,"w":-0.8355934023857117},"size":1.1196153163909913,"orthographic":false}