{"cameraMode":{"drawMode":0,"name":"Shaded","section":"Shading Mode"},"sceneLighting":false,"audioPlay":false,"sceneViewState":{"m_AlwaysRefresh":false,"showFog":true,"showSkybox":false,"showFlares":true,"showImageEffects":true,"showParticleSystems":true,"showVisualEffectGraphs":true,"m_FxEnabled":true},"in2DMode":false,"pivot":{"x":-0.007686786353588104,"y":-0.00794222205877304,"z":0.008960291743278504},"rotation":{"x":0.23145665228366853,"y":0.524693489074707,"z":-0.15082591772079469,"w":0.8052420616149902},"size":0.15945586562156678,"orthographic":false}