{"cameraMode":{"drawMode":0,"name":"Shaded","section":"Shading Mode"},"sceneLighting":false,"audioPlay":false,"sceneViewState":{"m_AlwaysRefresh":false,"showFog":true,"showSkybox":false,"showFlares":true,"showImageEffects":true,"showParticleSystems":true,"showVisualEffectGraphs":true,"m_FxEnabled":true},"in2DMode":false,"pivot":{"x":-0.3209274709224701,"y":-0.16211001574993134,"z":1.7186682224273682},"rotation":{"x":0.08457875996828079,"y":-0.8446502089500427,"z":0.1445252001285553,"w":0.5099895596504211},"size":1.219188928604126,"orthographic":false}