{"cameraMode":{"drawMode":0,"name":"Shaded","section":"Shading Mode"},"sceneLighting":false,"audioPlay":false,"sceneViewState":{"m_AlwaysRefresh":false,"showFog":true,"showSkybox":false,"showFlares":true,"showImageEffects":true,"showParticleSystems":true,"showVisualEffectGraphs":true,"m_FxEnabled":true},"in2DMode":false,"pivot":{"x":-0.03883159160614014,"y":0.11756665259599686,"z":0.03443336486816406},"rotation":{"x":0.046610500663518909,"y":0.7359136343002319,"z":-0.05094040557742119,"w":0.6736530065536499},"size":0.8660253882408142,"orthographic":false}