{"cameraMode":{"drawMode":0,"name":"Shaded","section":"Shading Mode"},"sceneLighting":false,"audioPlay":false,"sceneViewState":{"m_AlwaysRefresh":false,"showFog":true,"showSkybox":false,"showFlares":true,"showImageEffects":true,"showParticleSystems":true,"showVisualEffectGraphs":true,"m_FxEnabled":true},"in2DMode":false,"pivot":{"x":-0.00794839859008789,"y":-0.08085823059082031,"z":0.02698683738708496},"rotation":{"x":0.17086699604988099,"y":0.7840089201927185,"z":-0.24650093913078309,"w":0.5436156392097473},"size":4.612460136413574,"orthographic":false}